n_layer,layer_size,acc
1,2,79.41834029087993
1,4,79.89190356911149
1,8,80.49925575982066
1,16,81.71384294944335
1,32,85.40187391400615
1,64,85.13042347102714
1,128,85.01258214209039
2,2,77.83191529430353
2,4,79.36645299057777
2,8,80.98455904930422
2,16,84.7197525649009
2,32,85.33661578502434
2,64,85.3815257821235
2,128,84.05877760234439
3,2,71.59548211010502
3,4,77.02304187219399
3,8,80.47667994782671
3,16,85.71281174694842
3,32,84.81244921815569
3,64,84.55835094397939
3,128,83.10775977877655
