n_layer,layer_size,acc
1,2,95.41834029087993
1,4,95.89190356911149
1,8,96.49925575982066
1,16,96.71384294944335
1,32,98.40187391400615
1,64,99.13042347102714
1,128,99.01258214209039
2,2,94.83191529430353
2,4,95.36645299057777
2,8,96.98455904930422
2,16,97.7197525649009
2,32,99.33661578502434
2,64,99.3815257821235
2,128,97.05877760234439
3,2,93.59548211010502
3,4,96.02304187219399
3,8,96.47667994782671
3,16,98.71281174694842
3,32,98.81244921815569
3,64,98.55835094397939
3,128,98.10775977877655
