method,fold1.test,fold2.test
BIC.1,0.8671328671328671,0.8837814397224631
linear.2,0.9292929292929293,0.8954900260190807
