method,fold1.test,fold2.test
BIC.1,0.9432416617905208,0.8964306612053833
linear.2,0.9619660620245758,0.9344645991808075
