n_layer,layer_size,acc
1,2,91.59709760634745
1,4,93.3369150762084
1,8,93.87179724354822
1,16,94.3185490087257
1,32,94.79930934541979
1,64,94.79977183732619
1,128,94.69267104492338
2,2,90.02169087040977
2,4,92.07129569676975
2,8,93.52050894664899
2,16,94.27206857213332
2,32,95.67418986834397
2,64,95.66146620211924
2,128,95.46802844839104
3,2,89.61243692124276
3,4,92.33296333980822
3,8,94.33896545699339
3,16,94.21591588813862
3,32,93.5835928426808
3,64,93.2770840399182
3,128,93.21814201584806
